Zeit;1051;1052;1053;1054;1055;1056;1057;1061;1062;1063;1064;1065;1066;1067;1071;1072;1073;1074;1075;1076;1077;1041;1042;1043;1044;1045;1046;1047;1031;1032;1033;1034;1035;1036;1037;1021;1022;1023;1024;1025;1026;1027;1011;1012;1013;1014;1015;1016;1017;1001;1002;1003;1004;1005;1006;1007;nk1;nk2;nk3;nk4;nk5;nk6;nk7;nk8
1;0,035034091;0,059086862;0,053265347;0,038921138;0,04595614;0,067897717;0,041850517;0,040541373;0,039565256;0,041330505;0,040627551;0,036962696;0,04105744;0,038395818;0,075287149;0,068694404;0,06316856;0,049380136;0,049309007;0,048445975;0,041016138;0,072747697;0,050269115;0,04466883;0,045470417;0,056040125;0,049805878;0,041998245;0,017806894;0,024789392;0,024565539;0,027629203;0,028052386;0,031226182;0,018045024;0,015294741;0,022341884;0,02469282;0,023591628;0,011694921;0,018224753;0,023830024;0,019292965;0,024788166;0,019617994;0,023247534;0,016371889;0,024487552;0,02191821;0,032362564;0,024937636;0,029213021;0,022623507;0,038906853;0,027388461;0,032026656;0,028342302;0,027838858;0,018626585;0,034970286;0,034534816;0,04232311;0,048361777;0,047642079
2;0,015911823;0,024893214;0,020510718;0,015048711;0,01575114;0,026177227;0,018967156;0,01060894;0,016328283;0,01047766;0,014954397;0,012528075;0,015218336;0,017586893;0,030994124;0,030036817;0,025984883;0,018872261;0,013406099;0,020401136;0,02624552;0,034642191;0,015023004;0,017151171;0,015523824;0,022322759;0,018481024;0,015536422;0,006336391;0,010894223;0,006979258;0,010098849;0,004232264;0,009860981;0,014324448;0,000949661;-0,002232055;0,009298453;0,006975319;0,004060505;0,008008767;0,005847415;0,000449926;0,011477818;0,007729509;0,006124597;0,007194188;0,006062245;0,010065565;0,019778927;0,012467092;0,011296602;0,007550543;0,012901626;0,006884957;0,014251373;0,008512304;0,006035808;0,008076268;0,009095758;0,016571558;0,021684185;0,028654434;0,020569797
3;0,005634505;0,005110642;0,005839506;0,007833986;0,008602144;0,006091135;0,003575981;0,004273585;0,001892399;0,008543786;0,00573161;0,010137464;0,006305503;0,00451776;0,011516988;0,002357844;0,007660874;0,012712257;0,006102906;0,006681361;0,003528203;0,010958937;0,006587179;0,003532235;0,010765054;0,004040125;0,003799615;0,006568429;0,003325725;0,000976273;0,002959035;0,004964764;0,005740112;0,001485324;0,009044489;0,001913655;-0,000184815;0,000826542;-0,000200639;0,002107711;-0,000185064;-0,000208985;0,007599141;-0,000507027;0,00506129;-0,000502769;0,002146251;-0,001536303;-0,000502943;0,011240625;0,004200231;0,001978603;0,006354489;-0,004904638;0,00413208;0,008213473;0,011078078;0,004168139;0,004066382;0,010852778;0,002873405;0,002893793;0,00903658;0,005711942
4;-0,001773537;-0,002089018;-0,001332896;-0,003127224;-0,003609859;-0,006237193;-0,001277299;0,001030798;-0,002719294;-0,005155659;-0,000139927;-0,003345564;-0,002086774;-0,0026831;-0,001796505;-0,008287367;0,001021139;-0,001833544;0,000886005;-0,001148748;-0,006905182;-0,00261328;-0,005631288;-0,004921916;-0,006377147;-0,006809328;-0,007114696;-0,004549368;-0,000369526;0,003495552;-0,002218087;-0,00267057;-0,001799805;-0,002247795;-0,007531866;0,005044623;0,001569695;-0,003906437;-0,001082876;-0,001304778;-0,003556446;-0,002416361;-0,002796012;-0,000222643;-0,005270909;0,001079326;-0,000157947;-0,002500323;0,002412771;0,000278794;-0,005219699;0,002354639;-0,004299974;0,002225862;-0,00516835;0,000128776;-0,001470489;0,000586064;0,000712743;-0,003344161;-0,000595966;-0,005713989;-0,004760302;-0,003470365
5;-0,009068157;-0,011906883;-0,009837398;-0,010346783;-0,00958705;-0,012216116;-0,007271354;-0,006544173;-0,006330398;-0,002287162;-0,008860916;-0,005694761;-0,00573292;-0,005037734;-0,013433955;-0,006491676;-0,015773245;-0,010671937;-0,011976118;-0,010093883;-0,005202442;-0,017533905;-0,009089931;-0,004587453;-0,006051979;-0,009001007;-0,001790521;-0,009226019;-0,010201942;-0,009991959;-0,002984002;-0,009722472;-0,002608803;-0,000560646;-0,004510975;-0,005121356;0,000570338;-0,002312121;0,000507813;-0,001002901;-0,004550825;-0,000805708;-0,0064974;-0,003855028;-0,002248981;-0,00382401;-0,003759237;0,003108818;-0,005143032;-0,017553271;-0,002059589;-0,004189687;-0,002559736;-0,001498051;-0,003416158;-0,004916128;-0,013813257;-0,001837803;-0,00696357;-0,009377181;-0,004130524;-0,005409439;-0,013723577;-0,008512644
6;-0,010704634;-0,016007955;-0,01517993;-0,009408691;-0,011156375;-0,013815052;-0,013994483;-0,00936915;-0,00917099;-0,011578625;-0,011685165;-0,013625214;-0,013704145;-0,014383819;-0,027280652;-0,017615617;-0,018893651;-0,019079038;-0,008418892;-0,015839866;-0,017666101;-0,025453942;-0,006888964;-0,011174037;-0,013859751;-0,01055255;-0,013375421;-0,008329464;0,000909352;-0,00537409;-0,004736204;-0,00267057;-0,005563769;-0,008537865;-0,011326096;-0,002786584;0,000276836;-0,003906437;-0,006199617;-0,003860537;0,000283568;-0,002416361;0,001244345;-0,006893119;-0,005270909;-0,002877145;-0,005423255;-0,005134436;-0,006832361;-0,013745076;-0,009388036;-0,011440158;-0,007045321;-0,008724799;-0,002432529;-0,017677494;-0,004306636;-0,008952208;-0,005891823;-0,007227194;-0,014718472;-0,01345455;-0,019207136;-0,01429873
7;-0,015670136;-0,023294172;-0,018665488;-0,015438639;-0,018427137;-0,016140017;-0,015144426;-0,013977314;-0,019019362;-0,017656403;-0,015066351;-0,011751033;-0,013126022;-0,012556932;-0,02596542;-0,021739312;-0,023017042;-0,015187593;-0,009783651;-0,019783952;-0,022824025;-0,025151462;-0,010399773;-0,012228876;-0,013638112;-0,018995581;-0,005607646;-0,011998866;-0,004194526;-0,009335064;-0,005036971;-0,000423034;-0,004464451;-0,002347832;-0,016669608;-0,008878217;0,070416327;-0,004887337;-0,005903257;-0,002260018;-0,004460814;-0,006014128;-0,001178831;-0,009395296;-0,011743954;-0,004054883;-0,003891505;0,001688505;-0,011957632;-0,013608431;-0,007813314;-0,000145209;-0,005462541;-0,005827708;-0,000915095;-0,01630579;-0,004225072;-0,007178272;-0,00404089;-0,003442644;-0,018282029;-0,015703268;-0,027807875;-0,016825298
8;-0,020552903;-0,03089062;-0,018650683;-0,021655582;-0,025940816;-0,023584998;-0,013631075;-0,019546357;-0,019235927;-0,017704956;-0,020408357;-0,013405809;-0,018643366;-0,014139909;-0,037581133;-0,033147583;-0,023740452;-0,015979208;-0,005328583;-0,020780341;-0,024037277;-0,028956263;-0,011605729;-0,013341884;-0,017277954;-0,021480578;-0,009304725;-0,018047756;-0,014039257;0,000146684;-0,009280567;-0,008467339;-9,91508E-05;-0,013143018;-0,015895685;-0,009037654;0,072984211;-0,010018405;-0,007168507;-0,002281084;-0,013512243;-0,007233349;-0,015926573;-0,010526688;-0,012848772;-0,011738357;-0,006392435;-0,002160191;-0,011747848;-0,018955922;-0,006228666;-0,004189687;-0,012169773;-0,012450656;-0,008888926;-0,011765886;-0,012394778;-0,014103473;-0,005642361;-0,004198835;-0,016971514;-0,018312663;-0,029486578;-0,019342932
9;-0,020053909;-0,031544014;-0,026864206;-0,018572429;-0,024094644;-0,025571349;-0,020775419;-0,014829836;-0,021084197;-0,011925897;-0,020964226;-0,019019887;-0,021709867;-0,018567704;-0,039852957;-0,020818219;-0,023417392;-0,023578244;-0,012908864;-0,009633097;-0,026149589;-0,03595919;-0,017315938;-0,017813474;-0,015484236;-0,015896683;-0,009985484;-0,016312183;-0,007230417;-0,004633554;-0,015381261;-0,006993021;-0,008591764;-0,00777908;-0,019485068;-0,009633335;0,071027994;-0,013255261;-0,009119261;0,055833143;-0,006449129;-0,014360919;-0,013964215;-0,009991432;-0,009678036;-0,007266854;-0,008460608;-0,00289699;-0,012543579;-0,019819731;-0,008442031;-0,013229715;-0,01296247;-0,020118198;-0,005616314;-0,012703304;-0,018977329;-0,014751555;-0,011465401;-0,003857241;-0,029205595;-0,022836905;-0,037857433;-0,022851077
10;-0,017701631;-0,03190495;-0,024692153;-0,018878597;-0,019392555;-0,028360262;-0,020960715;-0,015459542;-0,022893454;-0,02002764;-0,018911157;-0,014508277;-0,015874092;-0,023040259;-0,029172623;-0,023434299;-0,020698032;-0,011625747;0,013647191;-0,007085345;-0,011631975;-0,036318558;-0,013860225;-0,013064369;-0,017008553;-0,023725475;-0,017810776;-0,022787978;-0,011148571;-0,0108839;-0,016427351;-0,0043031;-0,003492509;-0,001461284;-0,019283504;-0,017947754;0,071946308;-0,013614661;-0,009469175;0,05676934;-0,010714619;-0,008248859;-0,012950954;-0,010219349;-0,011214617;-0,00615245;-0,006103019;-0,005829189;-0,012762731;-0,02002637;-0,010081149;-0,009415047;-0,014610967;-0,010763932;-0,008569332;-0,018255919;-0,021974365;-0,017943393;-0,010719873;-0,002537464;-0,025699125;-0,016770184;-0,033238428;-0,025804599
11;-0,02344023;-0,03856997;-0,028831531;-0,028099627;-0,031100153;-0,035184845;-0,027974535;-0,01665021;-0,021684252;-0,020322754;-0,017716302;-0,018245042;-0,026101135;-0,021733342;-0,019407144;0,000746705;0,002038267;0,019133142;0,044539214;-0,002566382;-0,009499363;-0,043007195;-0,015532212;-0,023586491;-0,017484888;-0,029071993;-0,019477753;-0,025971412;-0,009440311;-0,014550367;-0,008976063;-0,008107768;-0,008374411;-0,012548619;-0,024416646;-0,022013844;0,065146046;-0,008840593;-0,014955233;0,051274651;-0,012230905;-0,012544857;-0,009367763;-0,010851388;-0,010543473;-0,017358829;-0,005322704;-0,014219747;-0,01207999;-0,022150777;-0,019048599;-0,009913491;-0,012443717;-0,019634756;-0,010613099;-0,021925144;-0,017120869;-0,014087168;-0,009404552;-0,007469794;-0,029934377;-0,027407901;-0,039696446;-0,034534023
12;-0,020928406;-0,032087045;-0,029944229;-0,026743951;-0,027202813;-0,028832255;-0,021675461;-0,017467489;-0,021337432;-0,013709597;-0,017376511;-0,008778767;-0,017892595;-0,016129314;0,019194434;0,049618564;0,045406657;0,054571603;0,123908516;0,034632548;0,025465338;-0,039043901;-0,020448105;-0,022301218;-0,021159363;-0,030171664;-0,016870307;-0,028549776;-0,009624943;-0,007338678;-0,010777501;-0,0136176;-0,003737276;-0,007830204;-0,024940101;-0,015191154;0,071776729;-0,013820079;-0,010975671;0,059068454;-0,008158378;-0,012444862;-0,013297355;-0,010868971;-0,014548111;-0,012126405;-0,005280257;-0,008880632;-0,014743954;-0,023608977;-0,010719952;-0,011202728;-0,0137836;-0,014188735;-0,007917198;-0,023503255;-0,017241787;-0,013821887;-0,012954078;-0,011663436;-0,025949427;-0,025931807;-0,045768854;-0,03047172
13;-0,020949748;-0,033561842;-0,031398159;-0,024385672;-0,023609816;-0,030191515;-0,024221996;-0,010191671;-0,013990185;-0,013953294;-0,010067199;-0,004156067;-0,015818442;-0,012678948;0,095794875;0,124517901;0,126678215;0,137045919;0,27029572;0,105476222;0,081848837;-0,040521212;-0,025639429;-0,021142354;-0,018785127;-0,022887311;-0,012021657;-0,031068247;-0,010784848;-0,013359039;-0,010316083;-0,019474208;-0,004686945;-0,007590931;-0,027025746;-0,015537448;0,071555497;-0,016592129;-0,013728306;0,060161626;-0,01611576;-0,01388319;-0,016153686;-0,014912592;-0,013253017;-0,018738347;-0,004065207;-0,007695117;-0,016100742;-0,034830361;-0,010780347;-0,015486429;-0,022106742;-0,019697956;-0,010676905;-0,023365708;-0,024276848;-0,014136999;-0,006805759;-0,010130043;-0,02998641;-0,02874723;-0,037109046;-0,031889867
14;-0,026397108;-0,034235733;-0,028267091;-0,02118108;-0,02547749;-0,033192197;-0,021991578;-0,006206566;-0,011103894;-0,001837905;-0,002055855;-0,000221309;-0,011850167;-0,005969939;0,2488807;0,299497443;0,302373606;0,304537417;0,553863132;0,241708728;0,185078316;-0,039924852;-0,022458797;-0,026602948;-0,019288231;-0,033510967;-0,020107584;-0,025068271;-0,01472101;-0,014386539;-0,003503961;-0,01026128;0,005591017;-0,007468015;-0,027814637;-0,015153791;0,063096328;-0,017263419;-0,014381607;0,056977519;-0,005402796;-0,009318664;-0,011378255;-0,012642818;-0,014943325;-0,012501688;-0,005871425;-0,008237898;-0,016481919;-0,019760536;-0,011217766;-0,010560302;-0,019860015;-0,013248842;-0,01241922;-0,020708634;-0,014601149;-0,015017878;-0,007911124;-0,011308471;-0,030628029;-0,02947522;-0,04097092;-0,026912746
15;-0,027860361;-0,03527736;-0,030595234;-0,022348519;-0,026586333;-0,030690328;-0,024763792;0,003758933;0,003670433;0,01383611;0,012614968;0,012201748;0,008348067;0,001242911;0,521248019;0,616387479;0,614071317;0,613465247;0,977430858;0,489129727;0,376941828;-0,051116619;-0,02484988;-0,030384046;-0,026744796;-0,030818721;-0,012491895;-0,02908927;-0,017771586;-0,015299126;-0,01482681;-0,00764969;-0,00786125;-0,012002713;-0,03028336;-0,015947821;0,069805095;-0,011921219;-0,014191347;0,052033166;-0,011425375;-0,018219708;-0,012622449;-0,018129572;-0,017778906;-0,014021345;-0,012476778;-0,008203375;-0,025886594;-0,034022619;-0,018290221;-0,016012549;-0,024023993;-0,016163923;-0,019451237;-0,034958835;-0,029154496;-0,025476394;-0,005859535;-0,00561476;-0,033019957;-0,031775254;-0,042696221;-0,032440993
16;-0,0201734;-0,026584407;-0,023190175;-0,021189899;-0,022940146;-0,021894543;-0,01835331;0,033182382;0,027849619;0,06246109;0,053333718;0,045138023;0,036287116;0,030741318;0,979096593;1,120735877;1,117903541;1,116823817;1,569694305;0,906183192;0,726790958;-0,044940436;-0,018677611;-0,025424576;-0,018085678;-0,025976854;-0,018853006;-0,035328166;-0,01631365;-0,006050854;-0,014286244;-0,01342521;-0,001213982;-0,017983166;-0,024705568;-0,016249104;0,067048321;-0,008222645;-0,009222499;0,053174258;-0,016781239;-0,017038507;-0,018116015;-0,016783027;-0,023045575;-0,010027549;-0,007260168;-0,014860574;-0,017947516;-0,024158654;-0,015514191;-0,014725984;-0,015828986;-0,012033653;-0,015317481;-0,02791021;-0,029041284;-0,018938112;-0,008907096;0,002466304;-0,034443862;-0,035835019;-0,040558643;-0,032446462
17;-0,006323118;-0,020411006;-0,025859309;-0,020092134;-0,018065505;-0,015748925;-0,008364577;0,091545105;0,079311766;0,139353502;0,118599286;0,109248164;0,080042436;0,086499334;1,602259946;1,806433691;1,811685208;1,780878277;2,228426055;1,485327935;1,222715005;-0,043822776;-0,023863047;-0,024339888;-0,014507086;-0,027374468;-0,010247175;-0,027949991;-0,015233994;-0,010076157;-0,015790107;-0,013663577;-0,000182672;-0,010650598;-0,024949392;-0,015081222;0,068188126;-0,010944618;-0,009377332;0,055573265;-0,01180474;-0,014629921;-0,014245485;-0,020967585;-0,020581352;-0,014167979;-0,007433623;-0,012396274;-0,019450768;-0,028563064;-0,018481419;-0,016280544;-0,020127893;-0,021802487;-0,012773532;-0,033601994;-0,02216203;-0,021811472;-0,011672351;0,006127585;-0,030749436;-0,029536363;-0,041984166;-0,042101684
18;0,010984976;-0,008415808;-0,008885866;0,005666982;-0,014929711;-0,007500093;0,003809482;0,177828989;0,185669382;0,298006627;0,251291716;0,22023653;0,183791158;0,191029881;2,332010081;2,599549697;2,617819875;2,565088184;2,904025572;2,146432838;1,806296991;-0,044487929;-0,016950679;-0,027429338;-0,02258943;-0,029268815;-0,007114696;-0,023449845;-0,013158766;-0,014243732;-0,009772439;-0,013964765;-0,005563769;-0,009795848;-0,032827039;-0,022364601;0,064920552;-0,015463966;-0,013874575;0,053641496;-0,01251612;-0,016554845;-0,010876726;-0,016231663;-0,017193481;-0,016065381;-0,012004929;-0,015670891;-0,01607734;-0,027768947;-0,012166876;-0,01557869;-0,022144193;-0,025150945;-0,018848073;-0,0300049;-0,031251107;-0,018490634;-0,011175568;0,007010694;-0,037827999;-0,039256573;-0,049414098;-0,031894978
19;0,042283187;0,01999176;0,014343992;0,030133246;0,012061575;0,025966246;0,042645133;0,366860988;0,39143817;0,576214264;0,48539877;0,425089406;0,362458864;0,394423361;3,044672455;3,375722188;3,416378676;3,329775927;3,474879874;2,838584773;2,404963592;-0,031241186;-0,012601986;-0,024321666;-0,015760918;-0,027469916;-0,014053118;-0,026569149;-0,011148571;-0,00961644;-0,011389477;-0,005558419;-0,003492509;-0,009011793;-0,024344124;-0,020559057;0,069359595;-0,017468527;-0,004350923;0,058047558;-0,010714619;-0,017249102;-0,008909282;-0,012888439;-0,015190203;-0,016706473;-0,010053247;-0,007146598;-0,019368524;-0,02704051;-0,019810332;-0,01907461;-0,020103141;-0,018979755;-0,01404291;-0,030587337;-0,024811589;-0,019306447;-0,012041277;0,007820761;-0,039826227;-0,033547011;-0,046376244;-0,040698447
20;0,103615087;0,083526223;0,057405956;0,090647371;0,057588832;0,080439669;0,106304462;0,638871645;0,699998363;0,974353115;0,833145147;0,72218752;0,638995742;0,7040689;3,702669547;4,062462575;4,120449044;3,997570114;3,942010111;3,437901707;2,924254558;-0,037278467;-0,013595817;-0,015368648;-0,008057305;-0,020936841;-0,007534131;-0,021411413;-0,017525911;-0,023710764;-0,014204433;-0,015854972;-0,007411377;-0,004077167;-0,030946504;-0,016203497;0,069684452;-0,017158175;-0,011728647;0,051948661;-0,018013667;-0,015699753;-0,012674009;-0,015388061;-0,020335279;-0,017876824;-0,009834298;-0,017437765;-0,020527201;-0,026896504;-0,008505372;-0,010529911;-0,017140391;-0,022918427;-0,013886124;-0,02373052;-0,023300586;-0,022975268;-0,010186134;0,001245682;-0,03310845;-0,034495384;-0,053651533;-0,040504554
21;0,239160884;0,19387115;0,143264006;0,209009612;0,143378358;0,199444474;0,243956848;0,986220192;1,096416552;1,479544639;1,259341559;1,078380129;0,992932582;1,074870085;4,21724028;4,612420065;4,663081346;4,531771361;4,287205462;3,9448806;3,393041202;-0,023068935;0,003014254;-0,001338224;0,004683298;-0,015694948;0,002744418;0,000308149;-0,018473231;-0,014468573;-0,01127741;-0,006674353;-0,00578629;-0,015041232;-0,02421779;-0,022500899;0,069939235;-0,014333752;-0,010191821;0,052208033;-0,02033738;-0,014145661;-0,017779138;-0,016415484;-0,018703061;-0,018887671;-0,013494104;-0,021107349;-0,020222412;-0,034978919;-0,016524564;-0,024030221;-0,02232626;-0,022602738;-0,019038866;-0,028849925;-0,025787774;-0,024089778;-0,004695663;0,011966826;-0,036699805;-0,029085999;-0,045586279;-0,036139116
22;0,498214352;0,40319548;0,312344893;0,418302636;0,308590129;0,403692921;0,475477074;1,362063433;1,541237955;1,989279927;1,703210312;1,451356691;1,367479292;1,482419937;4,627339949;5,051789207;5,111666316;4,958259903;4,534036549;4,338998788;3,753174396;-0,001748369;0,020525233;0,017556461;0,022196961;0,011546214;0,026463794;0,03481481;-0,013891887;-0,0156349;-0,001829183;9,19379E-05;-0,003172564;-0,002562966;-0,026199182;-0,020667602;0,070872022;-0,018504025;-0,006624402;0,050673863;-0,013231765;-0,018151334;-0,01659528;-0,016189421;-0,013117743;-0,01198978;-0,008189393;-0,014587664;-0,023946915;-0,026201495;-0,013553187;-0,015856039;-0,022256378;-0,025094146;-0,021495203;-0,038994951;-0,020968734;-0,022028212;-0,011083905;0,004097766;-0,03054125;-0,029503085;-0,048264002;-0,031910354
23;0,908402469;0,738754896;0,593466909;0,767558899;0,594454816;0,757166614;0,872873871;1,720116285;1,961544195;2,461429231;2,106572329;1,798635136;1,730681049;1,871173919;4,934784404;5,365170438;5,454182382;5,269223331;4,707280865;4,626065294;4,02007741;0,042592543;0,064309063;0,068331059;0,072928873;0,047620771;0,06752293;0,090640503;-0,00736358;-0,00478399;0,000818747;-0,002133714;0,003803249;0,002139824;-0,007003566;-0,020163665;0,060585747;-0,014641751;-0,011780188;0,050619179;-0,010383021;-0,013183541;-0,018116015;-0,016783027;-0,015099258;-0,008709076;-0,012524075;-0,013543944;-0,024549249;-0,029766617;-0,018292292;-0,017484117;-0,01994568;-0,01750768;-0,013949857;-0,02791021;-0,023370346;-0,023024855;-0,008907096;0,014112301;-0,034443862;-0,034545269;-0,055001633;-0,045978471
24;1,436462954;1,193198269;1,003730586;1,245392779;1,006943071;1,247809638;1,403027529;2,043310688;2,31807784;2,856320212;2,451044451;2,082220054;2,043909968;2,20790156;5,129719457;5,590708305;5,665841637;5,470894311;4,84289046;4,828705649;4,19957425;0,136110985;0,148319002;0,162097261;0,172617125;0,120853215;0,158705195;0,214475449;0,004457432;0,003695073;0,012232977;0,014134695;0,017223168;0,001546473;-0,009522698;-0,023874415;0,062438697;-0,012740081;-0,013703454;0,049998867;-0,021540069;-0,012414035;-0,017326977;-0,016987315;-0,020555971;-0,012793811;-0,006305254;-0,016640189;-0,01547987;-0,035491675;-0,024117428;-0,015236062;-0,0230466;-0,021802594;-0,022322325;-0,031692273;-0,030400282;-0,022674394;-0,014269256;0,009622175;-0,033790719;-0,040491653;-0,048749992;-0,048976603
25;2,042530942;1,705511741;1,505815853;1,781736877;1,516166806;1,797139558;2,00967088;2,291012691;2,604051384;3,168109936;2,713520802;2,302608066;2,285989116;2,480389934;5,266086945;5,722246305;5,819512727;5,613784331;4,92875209;4,957764735;4,31465067;0,300241812;0,311004198;0,326354806;0,337686864;0,267245726;0,313148415;0,450692456;0,027717517;0,016613709;0,032659902;0,03448818;0,035042305;0,024443634;0,017326948;-0,022430697;0,066476201;-0,015158261;-0,012267553;0,052714434;-0,01370594;-0,013539599;-0,011762094;-0,019475888;-0,01904405;-0,011287309;-0,006131365;-0,016471128;-0,021910828;-0,032483973;-0,016969735;-0,017823813;-0,018739673;-0,025725984;-0,023501611;-0,034221367;-0,027350224;-0,015700964;-0,01017574;0,016326189;-0,037492529;-0,033881075;-0,051268971;-0,040659037
26;2,635572248;2,204060018;2,015740828;2,305551796;2,038233645;2,355302759;2,613512995;2,477822615;2,829233453;3,417583195;2,915489979;2,47437884;2,470174889;2,683972814;5,33582252;5,803181457;5,909374992;5,695766735;4,975394671;5,01942027;4,394764184;0,58498271;0,586896185;0,650645719;0,646157027;0,513518093;0,592831554;0,827788066;0,061068543;0,05964469;0,085361175;0,084540775;0,076389806;0,057146203;0,063954681;-0,024556065;0,068148206;-0,016083106;-0,014476777;0,053058391;-0,014558746;-0,014509876;-0,015473941;-0,011229371;-0,01484879;-0,011080154;-0,003220848;-0,013529503;-0,015075434;-0,03086644;-0,016715822;-0,020258019;-0,022583497;-0,022751306;-0,015058899;-0,032766501;-0,027185821;-0,017962796;-0,006955323;0,012402896;-0,030715014;-0,032197488;-0,050625132;-0,033628457
27;3,170079847;2,626872811;2,479089984;2,782219936;2,513853112;2,849842251;3,150120154;2,625254399;3,005945777;3,599563836;3,063004924;2,591790714;2,619182435;2,830463892;5,379321907;5,840463427;5,938706456;5,73802975;5,010171071;5,064910696;4,415281541;0,991955246;1,002939433;1,093300344;1,102587596;0,899879551;1,007054875;1,367652447;0,137955546;0,133620071;0,181883029;0,18821355;0,159706352;0,127946178;0,151994569;-0,016332999;0,070036275;-0,011606898;-0,012568002;0,05370276;-0,017935964;-0,016378706;-0,002590592;-0,006277367;-0,013888486;-0,002180491;0,010801536;-0,007479801;-0,010161443;-0,029820513;-0,012983079;-0,023623675;-0,027211693;-0,027268924;-0,019551177;-0,032860611;-0,024602542;-0,022946203;-0,008062663;0,021624963;-0,03393187;-0,034223519;-0,053192409;-0,038140276
28;3,587712504;2,969529738;2,874189254;3,155334192;2,923792588;3,251628152;3,581707795;2,712304764;3,116000956;3,689010786;3,155741598;2,664941286;2,706930383;2,92422899;5,386661728;5,858844176;5,949118143;5,737615179;5,013256567;5,069270695;4,427192937;1,474586333;1,516659979;1,63049826;1,634594841;1,379417285;1,505959812;1,954718392;0,297128331;0,272442455;0,379345693;0,374922348;0,314789988;0,265706167;0,319881339;-0,027198032;0,061982911;-0,017014355;-0,012817277;0,054744307;-0,010571509;-0,017878387;0,003947128;0,01368744;0,000634323;0,005676537;0,010652208;0,004219999;0,004311907;-0,031306709;-0,017288421;-0,018304784;-0,024620928;-0,021887086;-0,010045043;-0,035547191;-0,030314314;-0,030150082;-0,011204153;0,02051422;-0,038039929;-0,038397498;-0,052446725;-0,03827204
29;3,903122792;3,239695301;3,197242988;3,453630265;3,245272023;3,569143726;3,916467703;2,772719495;3,178217185;3,746654573;3,22141958;2,711791979;2,755259241;2,989686755;5,383819891;5,867676901;5,957844308;5,749157012;4,999954245;5,072039403;4,438582091;1,972696943;2,039301385;2,186321655;2,166470962;1,871748675;2,028802903;2,542351253;0,588024776;0,560493729;0,729741171;0,712886864;0,607537584;0,531583482;0,630073553;-0,026707055;0,070138451;-0,008929588;-0,012464706;0,05252614;-0,010144098;-0,013694566;0,028569819;0,037971512;0,015446034;0,027024224;0,041262832;0,044115445;0,040263445;-0,039527158;-0,014248861;-0,020741549;-0,018835794;-0,027142607;-0,022165788;-0,031344481;-0,028726829;-0,022846774;-0,010627289;0,020476052;-0,031254132;-0,035416517;-0,050485222;-0,031234605
30;4,135680752;3,448415612;3,441485095;3,674837003;3,491859971;3,800466654;4,172516914;2,800348557;3,223998202;3,786102468;3,261813911;2,731356685;2,789171886;3,021356344;5,411050539;5,886982036;5,978462434;5,772301605;4,992159362;5,082910231;4,447815841;2,406718316;2,509890927;2,706943612;2,670689465;2,337283882;2,498572659;3,05958587;1,049481582;1,013980667;1,285300525;1,248973245;1,081746462;0,966635789;1,134838218;-0,022190419;0,070802888;-0,005683001;-0,007945337;0,060890023;-0,004392227;-0,011704028;0,067130533;0,093634996;0,048140574;0,05958058;0,089549394;0,092412492;0,091403133;-0,031638067;-0,018997941;-0,024130474;-0,022172167;-0,023576208;-0,022709655;-0,033158581;-0,027819381;-0,027665188;-0,014060614;0,026632085;-0,03958713;-0,038647075;-0,056583776;-0,035864057
31;4,314549063;3,575299054;3,610609826;3,819623157;3,662084396;3,964968189;4,340585849;2,809807405;3,242286551;3,798968456;3,259406736;2,745869554;2,803734099;3,029433029;5,415906715;5,892979584;6,000375324;5,783629594;4,96374624;5,117310853;4,462461995;2,766986306;2,921144034;3,128265422;3,080914824;2,722812955;2,895456776;3,495400173;1,615355506;1,632979875;1,998700437;1,965087979;1,71351399;1,542146984;1,817277482;-0,014704593;0,076874108;-0,000947779;-0,001948358;0,061752769;-0,00092476;-0,004405526;0,151714255;0,222838935;0,121996542;0,138390191;0,193304294;0,205476635;0,200774353;-0,030762225;-0,013932172;-0,010769317;-0,015779072;-0,030943307;-0,028703903;-0,029612725;-0,032642611;-0,025329997;-0,009095605;0,028632136;-0,030993362;-0,031286866;-0,05293152;-0,039068319
32;4,407161628;3,657719023;3,727858395;3,913784977;3,77161758;4,059476514;4,450683369;2,81732125;3,246690397;3,807933962;3,265041287;2,740453929;2,81117339;3,036710033;5,451957768;5,940322642;6,036792542;5,824226187;4,945167296;5,142817768;4,47806371;3,047235901;3,23906691;3,472908529;3,407218728;3,039625733;3,19943786;3,814572325;2,255723942;2,373798104;2,818885608;2,738651764;2,440709299;2,192106125;2,595715107;-0,004035403;0,089889868;0,010672111;0,01218168;0,082258838;0,013314545;0,013606448;0,299994267;0,426998722;0,287619744;0,290045266;0,368460484;0,393946527;0,416122381;-0,028137188;-0,012667811;-0,010797476;-0,01999283;-0,014630167;-0,012412062;-0,031333985;-0,024369493;-0,034710642;-0,010092712;0,032033205;-0,03996082;-0,037658002;-0,049878744;-0,043248659
33;4,458370247;3,701357808;3,794074559;3,956146219;3,8252265;4,109834931;4,510717998;2,828416462;3,251760941;3,818774431;3,275259464;2,747512938;2,807979519;3,050680046;5,477116118;5,973892289;6,073017607;5,845546135;4,935087022;5,154120138;4,512932817;3,253340977;3,465001068;3,707855846;3,6289615;3,272350516;3,411806607;4,064333165;2,861947487;3,114504019;3,565566179;3,470187104;3,152820962;2,82639462;3,329087566;0,019453554;0,106839025;0,033967816;0,022573035;0,106746093;0,045413783;0,042145291;0,579907179;0,712552404;0,552491418;0,548455511;0,628975069;0,679676466;0,772968419;-0,027751517;-0,012349268;-0,009209934;-0,015595964;-0,014286722;-0,024399337;-0,023904876;-0,039542125;-0,026547075;-0,010295017;0,037938767;-0,038559505;-0,038896579;-0,048869715;-0,0443126
34;4,491896587;3,729292445;3,835780863;3,975149709;3,868173618;4,139124527;4,527579957;2,833300588;3,267114323;3,829098207;3,289248006;2,762634996;2,827071069;3,066073668;5,51800371;6,00131942;6,113691651;5,896752329;4,927505944;5,192044596;4,538761817;3,386859917;3,62389303;3,867169935;3,780324195;3,413668783;3,544877912;4,217405849;3,371013545;3,76511762;4,180666953;4,075680868;3,734152222;3,319621277;3,922810254;0,059092011;0,146149866;0,089762628;0,066606244;0,169961219;0,104848634;0,100589243;0,977548502;1,036957408;0,968907532;0,92995303;0,950336799;1,019707384;1,250418004;-0,020189253;-0,006268785;-0,010122378;0,008291452;0,008183753;-0,021146902;-0,013714675;-0,041830181;-0,027516393;-0,012611824;0,034642935;-0,038143869;-0,034616382;-0,051204341;-0,050610251
35;4,491399867;3,726870199;3,835624735;3,984662533;3,877975328;4,138142425;4,530760583;2,854387186;3,280373356;3,84854171;3,302347137;2,783565342;2,833742543;3,06700625;5,550349545;6,038851887;6,150787558;5,934391963;4,923299673;5,227782151;4,563073878;3,459996805;3,69957453;3,959232219;3,861133011;3,507901945;3,61782203;4,308044203;3,729348367;4,264635944;4,617788208;4,505384827;4,192352329;3,64528928;4,342200561;0,113604433;0,225667012;0,199495622;0,141363623;0,27268163;0,193936646;0,181947303;1,489878905;1,319649579;1,496306367;1,357363787;1,248020108;1,335967586;1,779686555;-0,020100261;-0,000469511;-0,006859529;0,044311694;0,037090313;-0,029197439;0,006490393;-0,031932191;-0,022402939;-0,00856839;0,04297905;-0,041359894;-0,039003959;-0,053515232;-0,044895994
36;4,501046488;3,733261039;3,838471098;3,995477831;3,882214647;4,136770974;4,54690419;2,860798363;3,294427436;3,864041918;3,316403256;2,785947678;2,851787056;3,090976177;5,584145325;6,084424839;6,176524656;5,990121548;4,917060596;5,255212703;4,595608194;3,492626977;3,731256626;3,991476387;3,895544076;3,540194759;3,637953531;4,360371473;3,954713245;4,631870582;4,900542359;4,766761436;4,510610833;3,8244037;4,573643387;0,162538302;0,3717908;0,371833821;0,283441431;0,469860462;0,357756965;0,303004149;1,993245117;1,486554532;2,030415579;1,748671649;1,462577557;1,558646953;2,257066385;-0,014497394;0,009121121;0,010686495;0,10470487;0,089234514;-0,022454991;0,02618991;-0,034650468;-0,032932581;-0,009921023;0,037313433;-0,035517;-0,037153729;-0,055118092;-0,042405426
37;4,498446957;3,751580137;3,850302126;4,005889719;3,887690295;4,152174995;4,550633497;2,868769472;3,312293013;3,881348413;3,337994948;2,795145123;2,862273125;3,106561877;5,612982266;6,11933079;6,219200648;5,997034411;4,900710352;5,288220592;4,610558847;3,503510881;3,746895886;4,003027803;3,900893615;3,555833373;3,648545574;4,378034048;4,065103659;4,860000042;5,054978759;4,901937464;4,672423041;3,905175259;4,706182028;0,212532453;0,603818391;0,633120421;0,486066118;0,76439684;0,542591134;0,42411028;2,451190665;1,596744612;2,489986299;2,030559479;1,564763848;1,685938999;2,630402758;-0,005993815;0,02872821;0,02608816;0,188702483;0,166097223;-0,029211509;0,067275831;-0,030357325;-0,02845831;-0,01075185;0,053980536;-0,036557307;-0,038152304;-0,049280996;-0,04362773
38;4,522852328;3,756944841;3,872012604;4,03003321;3,904328568;4,163753448;4,576217431;2,897992703;3,333422063;3,917685699;3,364134015;2,825327035;2,889991583;3,127908451;5,653209905;6,160504911;6,265517768;6,050016715;4,93403602;5,328359581;4,655205435;3,505120822;3,753474087;4,023280146;3,918617652;3,56364659;3,652598914;4,376889749;4,126772271;4,989456385;5,111619097;4,963458756;4,764176042;3,945649051;4,770752399;0,246221184;0,883240886;0,967252934;0,758678268;1,144235945;0,699961391;0,515150213;2,783741989;1,653571051;2,805093293;2,181795696;1,640636564;1,761840478;2,861157254;0,006251216;0,053400814;0,049227469;0,310709856;0,22877734;-0,013143583;0,108002222;-0,030775584;-0,023294112;-0,009677423;0,052232733;-0,036869158;-0,029402792;-0,05345319;-0,033143797
39;4,552362233;3,774984462;3,888670491;4,035288944;3,913401621;4,184184323;4,600517813;2,906367589;3,353251291;3,935993458;3,372271501;2,832326223;2,887956745;3,134920283;5,684017517;6,173629461;6,289207001;6,064438692;4,91141789;5,359118593;4,678275077;3,515628595;3,743669817;4,012206942;3,90884841;3,565207275;3,649124141;4,390894015;4,137168626;5,038892494;5,115261372;4,965867792;4,788021532;3,941996918;4,763075156;0,258976249;1,14443044;1,265243736;1,008126465;1,498336528;0,800853661;0,568815167;3,006884395;1,674290507;2,99533357;2,266915502;1,658458276;1,787575324;2,975392848;0,00444226;0,054401034;0,054392276;0,428548491;0,285949779;-0,017638267;0,126758412;-0,038297396;-0,024957318;-0,009926626;0,050485397;-0,041039666;-0,040043345;-0,0576239;-0,052496611
40;4,572132556;3,794897791;3,908435644;4,063757466;3,939432037;4,196294841;4,613828373;2,93377284;3,371206937;3,953625387;3,400388141;2,846560424;2,913870634;3,158319873;5,716531682;6,220406583;6,325124674;6,103079094;4,919891249;5,392969697;4,700540042;3,521695686;3,764706767;4,031748784;3,925881026;3,564890756;3,657548433;4,400341697;4,131431386;5,050604389;5,116705756;4,961083045;4,792140973;3,937592194;4,74944238;0,275431693;1,336537006;1,494570376;1,198196814;1,773822967;0,860389634;0,597711228;3,111986201;1,695890581;3,085371596;2,299964198;1,689025774;1,794392066;3,03077344;0,009387949;0,062097398;0,063456855;0,500668332;0,32361223;-0,022385924;0,149315875;-0,030469958;-0,029547626;-0,007695748;0,051031588;-0,032556826;-0,030204805;-0,051418145;-0,044970592
41;4,599557061;3,828341781;3,922807339;4,093220894;3,956317054;4,239849413;4,652635051;2,945866;3,403948192;3,979860628;3,423949087;2,871378175;2,934930306;3,192581444;5,76562275;6,259899136;6,368474733;6,150352123;4,939185334;5,420407005;4,724041421;3,529789817;3,772758658;4,044799022;3,947628608;3,586606922;3,67433643;4,419846882;4,144809568;5,072855438;5,118668932;4,984389808;4,805357366;3,952018112;4,76911367;0,287360643;1,454645978;1,620912239;1,303521518;1,929000225;0,900353349;0,627537816;3,179882433;1,710925627;3,124312482;2,322811764;1,697261086;1,815829016;3,049747899;0,0067808;0,076211038;0,071930087;0,555891585;0,349883041;-0,018084467;0,171498082;-0,030260918;-0,028034336;-0,010217251;0,066814153;-0,037544457;-0,031346681;-0,047359739;-0,046143328
42;4,634258903;3,844983413;3,946932478;4,107237895;3,972864413;4,252682048;4,684679209;2,968127205;3,418309809;4,004475916;3,444653059;2,885658362;2,955742653;3,195321639;5,773927293;6,292196978;6,397998268;6,175856333;4,952718665;5,443377492;4,745798472;3,551553797;3,789300431;4,063762001;3,955295196;3,590513605;3,695820114;4,433921703;4,148842286;5,062928027;5,123947559;4,980846512;4,803060829;3,961027965;4,788339755;0,292644746;1,509128833;1,687899567;1,363832344;2,008463914;0,918377063;0,643060145;3,185429809;1,711038177;3,117832682;2,330868859;1,701325167;1,822535792;3,051222782;0,008252863;0,076277007;0,081663725;0,595841774;0,360926163;-0,023501611;0,170203651;-0,021668366;-0,019795577;-0,011498753;0,063000191;-0,034920527;-0,030004373;-0,052584442;-0,043370774
43;4,648057842;3,857373306;3,971685353;4,121609361;3,99753091;4,275719031;4,719952566;2,978713164;3,435759457;4,02729628;3,464508503;2,906474616;2,979139005;3,219812248;5,80309818;6,306981957;6,428482107;6,208018972;4,941310501;5,475651725;4,759321284;3,554171036;3,800322377;4,07673186;3,977134638;3,609193253;3,699360405;4,451450782;4,145096204;5,058989498;5,122148576;4,976776236;4,825781376;3,96732077;4,776858469;0,300900155;1,532548989;1,71337974;1,39469472;2,052652051;0,929466379;0,652987438;3,182085695;1,723892805;3,119607793;2,320346731;1,708840456;1,824695713;3,050432727;0,011173239;0,073641288;0,081967345;0,609160645;0,375748222;-0,020567054;0,168472417;-0,027300245;-0,027237317;-0,007869594;0,0625778;-0,031860514;-0,033297262;-0,051445138;-0,04716423
44;4,67557464;3,878022302;3,98849356;4,134678342;4,010564926;4,291452561;4,734687124;2,999486704;3,453999235;4,055985401;3,476238305;2,917992643;2,985567196;3,232886046;5,835074058;6,341629969;6,46969687;6,23981309;4,96610986;5,506017255;4,80036667;3,581138128;3,829665986;4,088509129;3,982600276;3,627003953;3,709753789;4,483641344;4,161070888;5,094210799;5,152208803;5,005422795;4,827953819;3,975506454;4,782890533;0,305369177;1,547724545;1,727256518;1,407148496;2,062715101;0,939185739;0,665300305;3,193029647;1,726356354;3,130433162;2,33881299;1,727052556;1,83371205;3,059882235;0,011847275;0,075690045;0,085342899;0,627812718;0,379237919;-0,026776089;0,182955187;-0,035118404;-0,022651216;-0,010097993;0,065921629;-0,039049019;-0,034088629;-0,051072541;-0,04926453
45;4,700472638;3,899416259;3,999632494;4,16705403;4,025444488;4,311259107;4,746735036;3,007866732;3,473609738;4,069970478;3,498279463;2,931443667;3,001624178;3,254106734;5,856639556;6,358716476;6,485307001;6,250257109;4,963934462;5,527712714;4,803864851;3,588771083;3,842106382;4,096936367;3,998556598;3,630713005;3,735963172;4,493148963;4,159311082;5,103268132;5,143415723;5,018093552;4,828243758;3,981287999;4,793230414;0,309709129;1,5565555;1,737171251;1,418447038;2,071158699;0,954621868;0,674402895;3,190610894;1,735226441;3,138557786;2,339350295;1,727939398;1,835888129;3,054806239;0,009366192;0,078805793;0,08435871;0,633398972;0,39036017;-0,020948482;0,183078922;-0,033392608;-0,024808224;-0,008118735;0,064715497;-0,034741012;-0,038758853;-0,054296031;-0,050237274
